{
    "names": [
        "access",
        "arch_prctl",
        "brk",
        "chdir",
        "clock_gettime",
        "clone",
        "close",
        "connect",
        "dup",
        "execve",
        "fcntl",
        "fdatasync",
        "fstat",
        "futex",
        "getcwd",
        "getdents",
        "geteuid",
        "getpriority",
        "getrlimit",
        "gettid",
        "io_getevents",
        "io_setup",
        "io_submit",
        "lseek",
        "lstat",
        "madvise",
        "mmap",
        "mprotect",
        "munmap",
        "nanosleep",
        "open",
        "openat",
        "read",
        "rt_sigaction",
        "rt_sigprocmask",
        "sched_getaffinity",
        "sched_setaffinity",
        "set_robust_list",
        "set_tid_address",
        "setgid",
        "setgroups",
        "setpriority",
        "setuid",
        "socket",
        "stat",
        "statfs",
        "times",
        "umask",
        "uname",
        "unlink",
        "write"
    ],
    "action": "SCMP_ACT_ALLOW",
    "args": [],
    "comment": "",
    "includes": {},
    "excludes": {}
}